#node	identifier	domain_summary_url	annotation	other_names_and_aliases
C1S	9606.ENSP00000385035	Complement C1s subcomponent; C1s B chain is a serine protease that combines with C1q and C1r to form C1, the first component of the classical pathway of the complement system. C1r activates C1s so that it can, in turn, activate C2 and C4	https://smart.embl.de/smart/DDvec.cgi?smart=688:CUB(9|130)+EGF_CA(131|172)+CUB(175|290)+CCP(294|354)+CCP(359|421)+Tryp_SPc(437|675)+	1ELV,1NZI,3.4.21.42,4J1Y,4LMF,4LOR,4LOS,4LOT,6F1C,6F1H,716,AAA51852.1,AAA51853.1,AAH56903.1,AB009076,AC006512,B5MCV4,BAA86864.1,BC056903,C1 esterase,C1S,C1S-001,C1S-002,C1S-003,C1S-004,C1S-005,C1S-006,C1S-007,C1S-008,C1S-009,C1S-010,C1S-011,C1S-012,C1S-013,C1S-014,C1S-015,C1S-016,C1S-017,C1S-018,C1S-019,C1S-020,C1S-201,C1S_HUMAN,C9IZP8,C9JY52,CAA29817.1,CAB016722,CCDS31735,CCDS31735.1,CHEMBL3913,Complement C1s,Complement C1s subcomponent,Complement C1s subcomponent heavy chain,Complement C1s subcomponent light chain,Complement component 1 subcomponent s,Complement component 1, s subcomponent,Complement component 1, s subcomponent ,Complement system,D3DUT4,EAW88689.1,EAW88690.1,EC 3.4.21.42,EDSPD2,ENSG00000182326,ENSP00000328173,ENSP00000331796,ENSP00000354057,ENSP00000371657,ENSP00000371658,ENSP00000384171,ENSP00000384464,ENSP00000385035,ENSP00000397921,ENSP00000399892,ENSP00000406643,ENSP00000442298,ENSP00000484657,ENST00000328916,ENST00000331409,ENST00000360817,ENST00000382222,ENST00000382223,ENST00000402681,ENST00000403949,ENST00000406697,ENST00000413211,ENST00000423384,ENST00000443875,ENST00000461983,ENST00000463798,ENST00000470326,ENST00000473545,ENST00000488701,ENST00000489541,ENST00000495053,ENST00000495061,ENST00000497061,ENST00000541647,ENST00000542978,ENST00000543187,ENST00000617865,F5H7T4,F8WCZ6,HGNC:1247,HPA018852,Hs.458355,J04080,LRG_25,LRG_25t1,M18767,NM_001346850.1,NM_001734,NM_001734.3,NM_001734.4,NM_201442,NM_201442.2,NM_201442.3,NP_001333779.1,NP_001725,NP_001725.1,NP_958850,NP_958850.1,NX_P09871,OMIM:120580,OTTHUMG00000150305,OTTHUMP00000197019,OTTHUMP00000197020,OTTHUMP00000197021,OTTHUMP00000197022,OTTHUMP00000197023,OTTHUMP00000197024,OTTHUMP00000197025,OTTHUMP00000239854,OTTHUMP00000239855,OTTHUMT00000317481,OTTHUMT00000317482,OTTHUMT00000317483,OTTHUMT00000317484,OTTHUMT00000317485,OTTHUMT00000317486,OTTHUMT00000317487,OTTHUMT00000317488,OTTHUMT00000317489,OTTHUMT00000317490,OTTHUMT00000317491,OTTHUMT00000317492,OTTHUMT00000317493,OTTHUMT00000317494,OTTHUMT00000317495,OTTHUMT00000317496,OTTHUMT00000401825,OTTHUMT00000401826,OTTHUMT00000401827,OTTHUMT00000401828,P09871,Q9UCU7,Q9UCU8,Q9UCU9,Q9UCV0,Q9UCV1,Q9UCV2,Q9UCV3,Q9UCV4,Q9UCV5,Q9UM14,S01.193,Sushi domain containing,UPI0000126BF6,UPI000022932D,UPI00015DFE56,UPI000161138B,UPI000161138C,UPI000161138D,UPI000161138E,UPI000204AA16,X06596,XM_005253760,XM_005253760.1,XP_005253817,XP_005253817.1,complement C1s,complement component 1, s subcomponent,hsa:716,uc001qsj.3,uc001qsj.4,uc001qsk.3,uc001qsl.3,uc009zfr.3
CDKN1B	9606.ENSP00000228872	Cyclin-dependent kinase inhibitor 1B; Important regulator of cell cycle progression. Inhibits the kinase activity of CDK2 bound to cyclin A, but has little inhibitory activity on CDK2 bound to SPDYA. Involved in G1 arrest. Potent inhibitor of cyclin E- and cyclin A- CDK2 complexes. Forms a complex with cyclin type D-CDK4 complexes and is involved in the assembly, stability, and modulation of CCND1-CDK4 complex activation. Acts either as an inhibitor or an activator of cyclin type D-CDK4 complexes depending on its phosphorylation state and/or stoichometry; Belongs to the CDI family	https://smart.embl.de/smart/DDvec.cgi?smart=198:Pfam_CDI(31|79)+	1027,1H27,1JSU,2AST,5UQ3,6ATH,AAA20240.1,AAD14244.1,AAF21058.1,AAH01971.1,AAL78041.1,AAV38360.1,AAV38361.1,AB451291,AB451423,AF213700,AF480891,AK298335,AK312461,B4DPH2,BAG35368.1,BAG60584.1,BAG70105.1,BAG70237.1,BC001971,BT019553,BT019554,CAB003691,CAB021888,CAG33680.1,CCDS8653,CCDS8653.1,CDKN1B,CDKN1B-001,CDKN1B-002,CDKN1B-003,CDKN1B-004,CDKN4,CDN1B_HUMAN,CR457399,Cyclin dependent kinase inhibitor 1B,Cyclin-dependent kinase inhibitor 1B,Cyclin-dependent kinase inhibitor 1B (p27, Kip1),Cyclin-dependent kinase inhibitor p27,E7ES52,EAW96275.1,ENSG00000111276,ENSP00000228872,ENSP00000379629,ENSP00000407597,ENSP00000442344,ENST00000228872,ENST00000396340,ENST00000442489,ENST00000477087,ENST00000535674,H7C2T1,HGNC:1785,Hs.238990,Hs.593269,Hs.628402,KIP1,MEN1B,MEN4,NM_004064,NM_004064.3,NM_004064.4,NP_004055,NP_004055.1,NX_P46527,OMIM:600778,OTTHUMG00000149914,OTTHUMP00000195098,OTTHUMP00000195099,OTTHUMP00000195100,OTTHUMT00000313878,OTTHUMT00000313879,OTTHUMT00000313880,OTTHUMT00000313881,P27KIP1,P46527,Q16307,Q5U0H2,Q6I9V6,Q9BUS6,Q9UH60,S76986,S76988,U10906,UPI0000035C92,UPI000155D50D,UPI000155D50E,cyclin dependent kinase inhibitor 1B,cyclin-dependent kinase inhibitor 1B,cyclin-dependent kinase inhibitor 1B (p27, Kip1),hsa:1027,p27Kip1,uc001rat.2,uc001rat.3
CECR1	9606.ENSP00000382731	Adenosine deaminase cecr1; Adenosine deaminase 2; Adenosine deaminase that may contribute to the degradation of extracellular adenosine, a signaling molecule that controls a variety of cellular responses. Requires elevated adenosine levels for optimal enzyme activity. Binds to cell surfaces via proteoglycans and may play a role in the regulation of cell proliferation and differentiation, independently of its enzyme activity	https://smart.embl.de/smart/DDvec.cgi?smart=511:Pfam_A_deaminase_N(12|102)+Pfam_A_deaminase(174|496)+	3.5.4.4,3LGD,3LGG,51816,A8K9H4,AAF65941.1,AAH51755.1,AC005300,AC005399,ADA2,ADA2_HUMAN,ADGF,AF190746,AK027682,AK074702,AK292689,AK295174,AK304818,Adenosine deaminase 2,Adenosine deaminase CECR1 ,B4DHM2,B4E3Q4,BAB55293.1,BAC11148.1,BAF85378.1,BAG58184.1,BAG65566.1,BC051755,C9IZA8,CAG30303.1,CCDS13742.1,CCDS13743.1,CCDS63395.1,CCDS74809.1,CECR1,CECR1-001,CECR1-002,CECR1-003,CECR1-004,CECR1-005,CECR1-006,CECR1-007,CECR1-201,CECR1-202,CECR1-203,CR456417,Cat eye syndrome chromosome region, candidate 1,Cat eye syndrome critical region protein 1,EAW57750.1,EC 3.5.4.4,ENSG00000093072,ENSP00000262607,ENSP00000332871,ENSP00000382731,ENSP00000382733,ENSP00000390523,ENSP00000392078,ENSP00000406443,ENSP00000417811,ENSP00000442482,ENSP00000483418,ENST00000262607,ENST00000330232,ENST00000366217,ENST00000399837,ENST00000399839,ENST00000441548,ENST00000449907,ENST00000469063,ENST00000480276,ENST00000489588,ENST00000543038,ENST00000610390,F5H7J3,HPA007888,Hs.170310,Hs.604611,Hs.619053,IDGFL,NM_001282225,NM_001282225.1,NM_001282226,NM_001282226.1,NM_001282227,NM_001282227.1,NM_001282228,NM_001282228.1,NM_001282229,NM_001282229.1,NM_177405,NM_177405.2,NP_001269154,NP_001269154.1,NP_001269155,NP_001269155.1,NP_001269156,NP_001269156.1,NP_001269157,NP_001269157.1,NP_001269158,NP_001269158.1,NP_803124,NP_803124.1,NX_Q9NZK5,OTTHUMG00000030726,OTTHUMP00000028854,OTTHUMP00000196142,OTTHUMP00000196143,OTTHUMP00000196144,OTTHUMP00000196145,OTTHUMT00000075614,OTTHUMT00000316079,OTTHUMT00000316080,OTTHUMT00000316081,OTTHUMT00000316082,OTTHUMT00000316083,OTTHUMT00000316084,PAN,Q6ICF1,Q86UB6,Q8NCJ2,Q96K41,Q9NZK5,SNEDS,UPI000013D2E8,UPI000015F376,UPI0000E06AFA,UPI000155D5AB,UPI00017A8909,UPI000204A809,VAIHS,XM_011546133.1,XP_011544435.1,cat eye syndrome chromosome region, candidate 1,hsa:51816,uc002zmj.2,uc002zmj.3,uc010gqu.2,uc011agi.2,uc032qex.1,uc032qey.1
CLCNKB	9606.ENSP00000364831	Chloride channel protein ClC-Kb; Voltage-gated chloride channel. Chloride channels have several functions including the regulation of cell volume; membrane potential stabilization, signal transduction and transepithelial transport. May be important in urinary concentrating mechanisms; Belongs to the chloride channel (TC 2.A.49) family. CLCNKB subfamily	https://smart.embl.de/smart/DDvec.cgi?smart=687:TRANS(53|75)+Pfam_Voltage_CLC(102|514)+CBS(554|604)+CBS(629|678)+	1188,AAB35898.1,AAB65149.1,AK098217,B3KUY3,BAG53595.1,CAA83121.1,CAI16140.1,CAI16141.1,CCDS168,CCDS168.1,CCDS57974,CCDS57974.1,CLCKB,CLCKB_HUMAN,CLCNKB,CLCNKB-001,CLCNKB-002,CLCNKB-003,CLCNKB-201,Chloride channel Kb,Chloride channel protein ClC-Kb,Chloride channel, voltage-sensitive Kb,Chloride voltage-gated channel Kb,Chloride voltage-gated channels,ClC-K2,ClC-Kb,ENSG00000184908,ENSP00000329075,ENSP00000330404,ENSP00000332055,ENSP00000332771,ENSP00000333144,ENSP00000333303,ENSP00000338253,ENSP00000349974,ENSP00000364819,ENSP00000364820,ENSP00000364831,ENSP00000389344,ENSP00000483866,ENST00000328447,ENST00000329614,ENST00000331433,ENST00000331579,ENST00000332755,ENST00000333153,ENST00000337301,ENST00000357399,ENST00000375667,ENST00000375668,ENST00000375679,ENST00000431772,ENST00000619181,HGNC:2027,Hs.352243,NM_000085,NM_000085.4,NM_001165945,NM_001165945.2,NP_000076,NP_000076.2,NP_001159417,NP_001159417.2,NX_P51801,OMIM:602023,OTTHUMG00000009530,OTTHUMP00000011120,OTTHUMP00000011121,OTTHUMP00000038852,OTTHUMT00000026331,OTTHUMT00000026332,OTTHUMT00000099351,P51801,Q5T5Q6,Q5T5Q7,Q5T5Q8,S80315,U93879,UPI000040E261,UPI000046FF10,UPI000046FF11,UPI00015E0B3A,XM_005245733,XM_005245733.1,XM_006710069,XM_006710069.1,XP_005245790,XP_005245790.1,XP_006710132,XP_006710132.1,Z30644,chloride channel Kb,chloride channel, voltage-sensitive Kb,chloride voltage-gated channel Kb,hClC-Kb,hsa:1188,uc001axx.5,uc001axx.6,uc001axy.5
CTLA4	9606.ENSP00000303939	Cytotoxic T-lymphocyte protein 4; Inhibitory receptor acting as a major negative regulator of T-cell responses. The affinity of CTLA4 for its natural B7 family ligands, CD80 and CD86, is considerably stronger than the affinity of their cognate stimulatory coreceptor CD28	https://smart.embl.de/smart/DDvec.cgi?smart=223:IGv(53|131)+TRANS(162|184)+	1493,1AH1,1H6E,1I85,1I8L,2X44,3BX7,3OSK,5GGV,5TRU,5XJ3,A0N1S0,AAA52127.1,AAA52773.1,AAB59385.1,AAD00698.1,AAF02499.1,AAH74842.1,AAH74893.1,AAK13084.1,AAL07473.1,AAL40932.1,AAL96664.1,AAV66331.1,AAX93176.1,AAY00166.1,ABC67470.1,ABG78999.1,ABG85285.1,AC010138,ADV60197.1,ADV60198.1,ADV60199.1,ADV60200.1,AF142144,AF316875,AF411058,AF414120,AF486806,AH002733,ALPS5,AY792514,AY999702,BC074842,BC074893,CCDS2362,CCDS2362.1,CCDS42803,CCDS42803.1,CD,CD molecules,CD152,CD28,CELIAC3,CHEMBL2364164,CTLA-4,CTLA4,CTLA4-001,CTLA4-002,CTLA4-003,CTLA4-004,CTLA4-005,CTLA4_HUMAN,Cytotoxic T-lymphocyte associated protein 4,Cytotoxic T-lymphocyte protein 4,Cytotoxic T-lymphocyte-associated antigen 4,Cytotoxic T-lymphocyte-associated protein 4,DQ357942,DQ534199,DQ785106,E9L3G0,E9L3G1,E9L3G3,E9PDH0,ENSG00000163599,ENSP00000295854,ENSP00000303939,ENSP00000363594,ENSP00000409707,ENSP00000417779,ENSP00000443262,ENST00000295854,ENST00000302823,ENST00000374470,ENST00000427473,ENST00000472206,ENST00000487393,ENST00000541886,GRD4,GSE,HGNC:2505,HM545121,HM545124,HM545125,HM545126,Hs.247824,ICOS,IDDM12,L15006,M74363,NM_001037631,NM_001037631.2,NM_005214,NM_005214.4,NP_001032720,NP_001032720.1,NP_005205,NP_005205.2,NX_P16410,O95653,OMIM:123890,OTTHUMG00000132877,OTTHUMP00000163781,OTTHUMP00000206299,OTTHUMP00000216623,OTTHUMP00000216624,OTTHUMT00000256365,OTTHUMT00000336357,OTTHUMT00000357539,OTTHUMT00000357540,OTTHUMT00000357541,P16410,Q0PP65,Q0Q5F1,Q52MC1,Q53TD5,Q5S005,Q8TDA6,Q8WXJ1,Q96P43,Q9BZK2,Q9UKN9,U90273,UPI0000031FDF,UPI000006CE2C,UPI0000209417,UPI00004DEE35,V-set domain containing,celiac disease 3,cytotoxic T-lymphocyte associated protein 4,cytotoxic T-lymphocyte-associated protein 4,hsa:1493,insulin-dependent diabetes mellitus 12,uc002vak.2,uc002vak.3,uc002val.2,uc010fty.2,uc010ftz.2
DCLRE1C	9606.ENSP00000367527	Dna cross-link repair 1c protein; Protein artemis; Required for V(D)J recombination, the process by which exons encoding the antigen-binding domains of immunoglobulins and T-cell receptor proteins are assembled from individual V, (D), and J gene segments. V(D)J recombination is initiated by the lymphoid specific RAG endonuclease complex, which generates site specific DNA double strand breaks (DSBs). These DSBs present two types of DNA end structures: hairpin sealed coding ends and phosphorylated blunt signal ends. These ends are independently repaired by the non homologous end joining  [...] 	https://smart.embl.de/smart/DDvec.cgi?smart=692:Lactamase_B(10|179)+Pfam_DRMBL(239|345)+	3.1.-.-,3W1B,3W1G,4HTP,64421,A-SCID,AAH00863.1,AAH09185.1,AAH22254.1,AAM53255.1,AAM53256.1,AAM53257.1,AAM53258.1,AAM53259.1,AAM53260.1,ABF47101.1,AF395747,AF395748,AF395749,AF395750,AF395751,AF395752,AJ296101,AK021422,AK093757,ARTEMIS,ASCID,B3KSJ7,BAB13820.1,BAG52759.1,BC000863,BC009185,BC022254,CAC37570.1,CAI40018.1,CAI40019.1,CAI40020.1,CAI40021.1,CAI40022.1,CAI40023.1,CAI40024.1,CAI40025.1,CCDS31149,CCDS31149.1,CCDS31150,CCDS31150.1,CCDS7105,CCDS7105.1,D3DRT6,DCLRE1C,DCLRE1C-001,DCLRE1C-002,DCLRE1C-003,DCLRE1C-004,DCLRE1C-005,DCLRE1C-006,DCLRE1C-007,DCLRE1C-008,DCLRE1C-009,DCLRE1C-010,DCLRE1C-011,DCLRE1C-012,DCLRE1C-013,DCLRE1C-014,DCLRE1C-015,DCLRE1C-016,DCLREC1C,DCR1C_HUMAN,DNA cross-link repair 1C,DNA cross-link repair 1C protein,DNA cross-link repair 1C protein ,DQ504427,EAW86248.1,EAW86250.1,EAW86251.1,EC 3.1.-.-,ENSG00000152457,ENSP00000282310,ENSP00000298913,ENSP00000309637,ENSP00000318763,ENSP00000337983,ENSP00000349086,ENSP00000349831,ENSP00000350349,ENSP00000367487,ENSP00000367488,ENSP00000367492,ENSP00000367496,ENSP00000367502,ENSP00000367503,ENSP00000367506,ENSP00000367520,ENSP00000367524,ENSP00000367527,ENSP00000367538,ENSP00000380030,ENSP00000391428,ENSP00000398348,ENSP00000400529,ENSP00000413180,ENST00000282310,ENST00000298913,ENST00000309569,ENST00000313106,ENST00000337733,ENST00000351605,ENST00000356662,ENST00000357283,ENST00000357717,ENST00000378241,ENST00000378242,ENST00000378246,ENST00000378249,ENST00000378254,ENST00000378255,ENST00000378258,ENST00000378271,ENST00000378275,ENST00000378278,ENST00000378289,ENST00000396817,ENST00000418843,ENST00000449101,ENST00000453695,ENST00000456122,ENST00000489161,ENST00000489845,ENST00000492201,FLJ11360,HGNC:17642,Hs.656065,Hs.737284,LRG_54,LRG_54t1,NM_001033855,NM_001033855.2,NM_001033857,NM_001033857.2,NM_001033858,NM_001033858.2,NM_001289076,NM_001289076.1,NM_001289077,NM_001289077.1,NM_001289078,NM_001289078.1,NM_001289079,NM_001289079.1,NM_022487,NM_022487.3,NP_001029027,NP_001029027.1,NP_001029029,NP_001029029.1,NP_001029030,NP_001029030.1,NP_001276005,NP_001276005.1,NP_001276006,NP_001276006.1,NP_001276007,NP_001276007.1,NP_001276008,NP_001276008.1,NP_071932,NP_071932.2,NX_Q96SD1,OMIM:605988,OTTHUMG00000017716,OTTHUMP00000019166,OTTHUMP00000019167,OTTHUMP00000019168,OTTHUMP00000019169,OTTHUMP00000019170,OTTHUMP00000019171,OTTHUMP00000019172,OTTHUMP00000019173,OTTHUMP00000019174,OTTHUMP00000019175,OTTHUMP00000019176,OTTHUMP00000019177,OTTHUMP00000019178,OTTHUMT00000046926,OTTHUMT00000046927,OTTHUMT00000046928,OTTHUMT00000046929,OTTHUMT00000046930,OTTHUMT00000046931,OTTHUMT00000046932,OTTHUMT00000046933,OTTHUMT00000046934,OTTHUMT00000046935,OTTHUMT00000046936,OTTHUMT00000046937,OTTHUMT00000046938,OTTHUMT00000046939,OTTHUMT00000046940,OTTHUMT00000046941,PSO2 homolog,Protein A-SCID,Protein artemis,Q1HCL2,Q5JSR4,Q5JSR5,Q5JSR7,Q5JSR8,Q5JSR9,Q5JSS0,Q5JSS7,Q6PK14,Q8N101,Q8N132,Q8TBW9,Q96SD1,Q9BVW9,Q9HAM4,RS-SCID,SCIDA,SNM1 homolog C,SNM1-like protein,SNM1C,UPI000013DCD1,UPI000013E537,UPI000013EEDC,UPI00004A2DC2,UPI00004A2DC3,UPI00004A2DC4,UPI00004A2DC5,UPI00004A2DC6,X6R9W9,X6RCQ3,X6RJV5,XM_005252558,XM_005252558.1,XM_006717491.3,XM_011519616.1,XM_011519617.1,XM_011519619.1,XM_017016557.1,XM_017016558.1,XP_005252615,XP_005252615.1,XP_006717554,XP_006717554.1,XP_011517918.1,XP_011517919.1,XP_011517921.1,XP_016872046.1,XP_016872047.1,hSNM1C,hsa:64421,severe combined immunodeficiency, type a,uc001ink.4,uc001inl.4,uc001inl.5,uc001inm.4,uc001inn.4,uc001inn.5,uc001ino.4,uc001inp.4,uc001inq.4,uc001inr.4,uc009xji.4,uc010qbx.3
FOXD3	9606.ENSP00000360157	Forkhead box protein D3; Binds to the consensus sequence 5'-A[AT]T[AG]TTTGTTT-3' and acts as a transcriptional repressor. Also acts as a transcriptional activator. Promotes development of neural crest cells from neural tube progenitors. Restricts neural progenitor cells to the neural crest lineage while suppressing interneuron differentiation. Required for maintenance of pluripotent cells in the pre-implantation and peri-implantation stages of embryogenesis; Forkhead boxes	https://smart.embl.de/smart/DDvec.cgi?smart=478:FH(139|229)+	27022,AAF05844.1,AAK13574.1,AF197560,AIS1,CAB022455,CAC19431.1,CCDS624,CCDS624.1,ENSG00000187140,ENSP00000334691,ENSP00000360157,ENST00000335469,ENST00000371116,FOXD3,FOXD3-001,FOXD3_HUMAN,Forkhead box D3,Forkhead box protein D,Forkhead box protein D3,Forkhead boxes,Genesis,HFH2,HGNC:3804,HNF3/FH transcription factor genesis,Hs.546573,L12142,NM_012183,NM_012183.2,NP_036315,NP_036315.1,NX_Q9UJU5,OMIM:611539,OTTHUMG00000009141,OTTHUMP00000010713,OTTHUMT00000025331,Q9BYM2,Q9UDD1,Q9UJU5,UPI000012ADCB,VAMAS2,forkhead box D3,hsa:27022,uc001dax.2,uc001dax.3
IL18BP	9606.ENSP00000384212	Interleukin-18-binding protein; Isoform A binds to IL-18 and inhibits its activity. Functions as an inhibitor of the early TH1 cytokine response; Immunoglobulin like domain containing	https://smart.embl.de/smart/DDvec.cgi?smart=194:SIGNAL(1|30)+	10068,A0A024R5G2,A0A024R5I1,A0A024R5M7,AAD17187.1,AAD17188.1,AAD17189.1,AAD17190.1,AAD17191.1,AAD17192.1,AAD41051.1,AAD41053.1,AAF31697.1,AAH44215.1,AB019504,AF110798,AF110799,AF110800,AF110801,AF122906,AF122908,AF215907,AK098255,B3KUZ0,B7WPK4,BAA76374.1,BAG53602.1,BC044215,CAB025980,CCDS44666,CCDS44666.1,CCDS8206,CCDS8206.2,EAW74812.1,EAW74813.1,EAW74814.1,EAW74815.1,EAW74816.1,EAW74817.1,EAW74818.1,EAW74819.1,EAW74820.1,ENSG00000137496,ENSP00000260049,ENSP00000289458,ENSP00000312765,ENSP00000338723,ENSP00000343309,ENSP00000352247,ENSP00000352970,ENSP00000377306,ENSP00000377308,ENSP00000377310,ENSP00000384212,ENSP00000409614,ENSP00000434376,ENSP00000434717,ENSP00000434835,ENSP00000480621,ENST00000260049,ENST00000289458,ENST00000314403,ENST00000337131,ENST00000343898,ENST00000359298,ENST00000359899,ENST00000393703,ENST00000393705,ENST00000393707,ENST00000404792,ENST00000414358,ENST00000497194,ENST00000525932,ENST00000531053,ENST00000531777,ENST00000534583,ENST00000620017,FVH,G3V1C5,HGNC:5987,Hs.591967,I18BP_HUMAN,IL-18BP,IL18BP,IL18BP-001,IL18BP-002,IL18BP-003,IL18BP-004,IL18BP-005,IL18BP-008,IL18BP-009,IL18BP-010,IL18BP-011,IL18BP-012,IL18BP-013,IL18BP-201,IL18BP-202,IL18BP-203,IL18BPa,Immunoglobulin like domain containing,Interleukin 18 binding protein,Interleukin-18-binding protein,MC51L-53L-54L homolog gene product,NM_001039659,NM_001039659.1,NM_001039660,NM_001039660.1,NM_001145055,NM_001145055.1,NM_001145057,NM_001145057.1,NM_005699,NM_005699.3,NM_173042,NM_173042.2,NM_173044,NM_173044.2,NP_001034748,NP_001034748.1,NP_001034749,NP_001034749.1,NP_001138527,NP_001138527.1,NP_001138529,NP_001138529.1,NP_005690,NP_005690.2,NP_766630,NP_766630.2,NP_766632,NP_766632.2,NX_O95998,O95993,O95998,O96027,OMIM:604113,OTTHUMG00000133713,OTTHUMP00000165108,OTTHUMP00000179141,OTTHUMP00000179142,OTTHUMP00000179143,OTTHUMP00000196341,OTTHUMP00000236509,OTTHUMP00000236510,OTTHUMP00000236511,OTTHUMT00000258012,OTTHUMT00000277121,OTTHUMT00000277122,OTTHUMT00000277123,OTTHUMT00000277124,OTTHUMT00000277127,OTTHUMT00000395680,OTTHUMT00000395681,OTTHUMT00000395682,OTTHUMT00000395683,OTTHUMT00000395684,Q9NZA9,Q9UBR7,Q9UNH2,Tadekinig-alfa,UPI000000DA78,UPI000013F800,UPI0000405DC0,UPI0000D487E5,XM_006718404,XM_006718404.1,XM_017017059.1,XM_017017060.1,XM_017017061.1,XM_017017062.1,XM_017017063.1,XP_005273762,XP_005273762.1,XP_006718466,XP_006718466.1,XP_006718467,XP_006718467.1,XP_006718468,XP_006718468.1,XP_006718469,XP_006718469.1,XP_006718470,XP_006718470.1,XP_006718471,XP_006718471.1,XP_006718472,XP_006718472.1,XP_006718473,XP_006718473.1,XP_016872548.1,XP_016872549.1,XP_016872550.1,XP_016872551.1,XP_016872552.1,hsa:10068,interleukin 18 binding protein,uc001ore.1,uc001ore.2,uc001orf.1,uc001orf.2,uc001org.1,uc001orh.2,uc001ori.2,uc009ysv.1,uc021qmv.1
ITCH	9606.ENSP00000480499	E3 ubiquitin-protein ligase Itchy homolog; Acts as an E3 ubiquitin-protein ligase which accepts ubiquitin from an E2 ubiquitin-conjugating enzyme in the form of a thioester and then directly transfers the ubiquitin to targeted substrates. Catalyzes 'Lys-29'-, 'Lys-48'- and 'Lys-63'-linked ubiquitin conjugation. Involved in the control of inflammatory signaling pathways. Essential component of a ubiquitin-editing protein complex, comprising also TNFAIP3, TAX1BP1 and RNF11, that ensures the transient nature of inflammatory signaling pathways. Promotes the association of the complex after [...] 	https://smart.embl.de/smart/DDvec.cgi?smart=903:C2(19|114)+WW(327|359)+WW(360|391)+WW(439|471)+WW(479|511)+HECTc(567|903)+	2.3.2.26,2DMV,2KYK,2NQ3,2P4R,2YSF,3TUG,4ROF,5C7M,5CQ2,5DWS,5DZD,5SXP,83737,A6NEW4,AAC04845.1,AAH06848.1,AAH11571.1,AAK39399.1,AB056663,ADMFD,AF038564,AF095745,AIF4,AIP4,AK304090,AK315212,AL109923,AL356299,Atrophin-1-interacting protein 4,B4E234,BAB39389.1,BAG37647.1,BAG64996.1,BC006848,BC011571,C2 domain containing,CAI17959.1,CAI17960.1,CAI21458.1,CAI21459.1,CCDS13234,CCDS13234.1,CCDS58768,CCDS58768.1,CCDS58769,CCDS58769.1,E1P5P3,E3 ubiquitin-protein ligase Itchy ,E3 ubiquitin-protein ligase Itchy homolog,EAW76272.1,EAW76274.1,EAW76276.1,EC 2.3.2.26,ENSG00000078747,ENSP00000262650,ENSP00000300467,ENSP00000363996,ENSP00000363998,ENSP00000364024,ENSP00000445608,ENSP00000480499,ENSP00000484783,ENST00000262650,ENST00000300467,ENST00000374862,ENST00000374864,ENST00000374889,ENST00000461661,ENST00000479215,ENST00000483727,ENST00000486883,ENST00000535650,ENST00000610336,ENST00000621101,F5H217,HECT-type E3 ubiquitin transferase Itchy homolog,HGNC:13890,HPA021126,HPA049032,Hs.624021,Hs.624050,Hs.632272,ITCH,ITCH-001,ITCH-002,ITCH-003,ITCH-004,ITCH-005,ITCH-007,ITCH-201,ITCH-202,ITCH-203,ITCH_HUMAN,Itch,Itchy E3 ubiquitin protein ligase,LRG_354,NAPP1,NFE2-associated polypeptide 1,NM_001257137,NM_001257137.1,NM_001257137.2,NM_001257138,NM_001257138.1,NM_001257138.2,NM_001324197.1,NM_001324198.1,NM_031483,NM_031483.5,NM_031483.6,NP_001244066,NP_001244066.1,NP_001244067,NP_001244067.1,NP_001311126.1,NP_001311127.1,NP_113671,NP_113671.3,NX_Q96J02,O43584,OMIM:606409,OTTHUMG00000032300,OTTHUMP00000030688,OTTHUMP00000030689,OTTHUMT00000078782,OTTHUMT00000078783,OTTHUMT00000078784,OTTHUMT00000078785,OTTHUMT00000078786,OTTHUMT00000078788,Q5QP37,Q5TEL0,Q96F66,Q96J02,Q9BY75,Q9H451,Q9H4U5,UPI000007199B,UPI00000731C2,UPI00004AE2D2,XM_006723881,XM_006723881.1,XM_006723882,XM_017028089.1,XM_017028091.1,XP_005260627,XP_005260627.1,XP_006723944,XP_006723944.1,XP_006723945,XP_006723945.1,XP_016883578.1,XP_016883580.1,dJ468O1.1,hsa:83737,itchy E3 ubiquitin protein ligase,itchy E3 ubiquitin protein ligase homolog,uc002xak.3,uc010geu.2,uc010zuj.2
PI4KA	9606.ENSP00000255882	Phosphatidylinositol 4-kinase alpha; Acts on phosphatidylinositol (PtdIns) in the first committed step in the production of the second messenger inositol- 1,4,5,-trisphosphate; Belongs to the PI3/PI4-kinase family. Type III PI4K subfamily	https://smart.embl.de/smart/DDvec.cgi?smart=2102:PI3Ka(1541|1729)+PI3Kc(1846|2099)+	2.7.1.67,5297,601840,6BQ1,A8MTF1,AAA56839.1,AAD13352.1,AAH18120.2,AAH53654.1,AB210002,AC007308,AF012872,Armadillo-like helical domain containing,BAE06084.1,BC018120,BC053654,C9JLI1,CAB009092,CCDS33603,CCDS33603.2,CHEMBL3038509,EC 2.7.1.67,ENSG00000241973,ENSP00000255882,ENSP00000382162,ENSP00000402437,ENSP00000402981,ENSP00000416405,ENSP00000429311,ENSP00000458238,ENST00000255882,ENST00000399213,ENST00000414196,ENST00000437178,ENST00000449120,ENST00000462210,ENST00000466162,ENST00000466394,ENST00000466772,ENST00000475414,ENST00000477245,ENST00000477368,ENST00000482030,ENST00000484220,ENST00000485123,ENST00000485950,ENST00000485963,ENST00000489966,ENST00000490873,ENST00000492581,ENST00000494113,ENST00000520088,ENST00000572273,HGNC:8983,Hs.529438,Hs.731386,Hs.736379,Hs.743784,J3KN10,L36151,NM_002650,NM_002650.2,NM_058004,NM_058004.3,NP_002641,NP_002641.1,NP_477352,NP_477352.3,NX_P42356,OMIM:600286,OTTHUMG00000167440,OTTHUMP00000028907,OTTHUMP00000198448,OTTHUMP00000198449,OTTHUMT00000075723,OTTHUMT00000319940,OTTHUMT00000319941,OTTHUMT00000319942,OTTHUMT00000319943,OTTHUMT00000319944,OTTHUMT00000319945,OTTHUMT00000319946,OTTHUMT00000319947,OTTHUMT00000319948,OTTHUMT00000319950,OTTHUMT00000319951,OTTHUMT00000319952,OTTHUMT00000319953,OTTHUMT00000319954,OTTHUMT00000319955,OTTHUMT00000319956,OTTHUMT00000319957,P42356,PI4-kinase alpha,PI4K-ALPHA,PI4K-alpha,PI4KA,PI4KA lipid kinase complex,PI4KA-001,PI4KA-002,PI4KA-003,PI4KA-004,PI4KA-005,PI4KA-006,PI4KA-007,PI4KA-008,PI4KA-009,PI4KA-010,PI4KA-012,PI4KA-013,PI4KA-014,PI4KA-015,PI4KA-016,PI4KA-017,PI4KA-018,PI4KA-019,PI4KA_HUMAN,PIK4,PIK4CA,PMGYCHA,Phosphatidylinositol 4-kinase A ,Phosphatidylinositol 4-kinase alpha,Phosphatidylinositol 4-kinase, catalytic, alpha,PtdIns-4-kinase alpha,Q4LE69,Q7Z625,Q9UPG2,UPI0000D4E732,UPI0000E06BD6,UPI0001610F6B,hsa:5297,phosphatidylinositol 4-kinase III alpha,phosphatidylinositol 4-kinase III&#945;,phosphatidylinositol 4-kinase alpha,phosphatidylinositol 4-kinase, catalytic, alpha,pi4K230,uc002zsy.4,uc002zsz.5
PLCG2	9606.ENSP00000482457	1-phosphatidylinositol 4,5-bisphosphate phosphodiesterase gamma-2; The production of the second messenger molecules diacylglycerol (DAG) and inositol 1,4,5-trisphosphate (IP3) is mediated by activated phosphatidylinositol-specific phospholipase C enzymes. It is a crucial enzyme in transmembrane signaling; C2 domain containing phospholipases	https://smart.embl.de/smart/DDvec.cgi?smart=1265:PH(21|133)+PLCXc(312|456)+SH2(530|623)+SH2(644|726)+PH(789|910)+PLCYc(930|1044)+C2(1062|1167)+	2K2J,2W2W,2W2X,3.1.4.11,5336,AAA60112.1,AAH07565.1,AAH11772.1,AAH14561.1,AAH18646.1,AAQ76815.1,AB208914,AC098966,AC099524,APLAID,AY364256,BAD92151.1,BC007565,BC011772,BC014561,BC018646,C2 domain containing phospholipases,CAA32194.1,CAB004280,CCDS42204,CCDS42204.1,CHEMBL4100,D3DUL3,EAW95524.1,EAW95525.1,EC 3.1.4.11,ENSG00000197943,ENSP00000350660,ENSP00000352336,ENSP00000355270,ENSP00000454536,ENSP00000455533,ENSP00000455956,ENSP00000482457,ENST00000357974,ENST00000359376,ENST00000361468,ENST00000562605,ENST00000563193,ENST00000563269,ENST00000563375,ENST00000563834,ENST00000564138,ENST00000565020,ENST00000565054,ENST00000565400,ENST00000567356,ENST00000567373,ENST00000567980,ENST00000569523,ENST00000569929,ENST00000570196,ENST00000570198,FCAS3,H3BQV5,HGNC:9066,HPA020099,HPA020100,Hs.372303,Hs.413111,Hs.586906,LRG_376,LRG_376t1,M37238,NM_002661,NM_002661.3,NM_002661.4,NP_002652,NP_002652.2,NX_P16885,OMIM:600220,OTTHUMG00000176532,OTTHUMP00000254466,OTTHUMP00000254467,OTTHUMP00000254468,OTTHUMP00000254469,OTTHUMT00000432428,OTTHUMT00000432429,OTTHUMT00000432430,OTTHUMT00000432431,OTTHUMT00000432432,OTTHUMT00000432433,OTTHUMT00000432434,OTTHUMT00000432435,OTTHUMT00000432436,OTTHUMT00000432437,OTTHUMT00000432438,OTTHUMT00000432439,OTTHUMT00000432440,OTTHUMT00000432441,OTTHUMT00000432442,OTTHUMT00000432443,P16885,PLC-IV,PLC-gamma-2,PLCG2,PLCG2-001,PLCG2-002,PLCG2-003,PLCG2-004,PLCG2-005,PLCG2-006,PLCG2-007,PLCG2-008,PLCG2-009,PLCG2-010,PLCG2-011,PLCG2-012,PLCG2-013,PLCG2-014,PLCG2-015,PLCG2-016,PLCG2-201,PLCG2_HUMAN,Phosphatidylinositol phospholipase C, gamma-2 ,Phosphoinositide phospholipase C-gamma-2,Phospholipase C gamma 2,Phospholipase C-IV,Phospholipase C-gamma-2,Phospholipases,Q3ZTS2,Q59H45,Q969T5,SH2 domain containing,UPI00001411F7,UPI0000E59DA2,UPI000246730C,UPI000246730D,X14034,hsa:5336,phospholipase C gamma 2,phospholipase C, gamma 2,uc002fgt.3,uc002fgt.4
POLG	9606.ENSP00000268124	DNA polymerase subunit gamma-1; Involved in the replication of mitochondrial DNA. Associates with mitochondrial DNA; Belongs to the DNA polymerase type-A family	https://smart.embl.de/smart/DDvec.cgi?smart=1239:COIL(437|473)+POLAc(871|1145)+	160550,2.7.7.7,212900,255170,3IKM,4ZTU,4ZTZ,5428,550000,5C51,5C52,5C53,601226,601227,601779,603280,604005,AAB18268.1,AAC50712.1,AAH42571.1,AAH50559.1,AAM77583.1,ABB89207.1,ADP90854.1,ADP90855.1,ADP90856.1,ADP90857.1,ADP90858.1,ADP90859.1,ADP90860.1,ADP90861.1,ADP90862.1,ADP90863.1,ADP90864.1,ADP90865.1,ADP90866.1,ADP90868.1,ADP90869.1,ADP90870.1,ADP90872.1,ADP90873.1,ADP90874.1,ADP90875.1,ADP90876.1,ADP90877.1,ADP90878.1,ADP90879.1,ADP90880.1,ADP90881.1,ADP90882.1,ADP90883.1,ADP90885.1,ADP90886.1,ADP90887.1,ADP90888.1,ADP90889.1,ADP90890.1,ADP90891.1,ADP90892.1,ADP90893.1,AF497906,BAA12223.1,BC042571,BC050559,CAA66719.1,CCDS10350,CCDS10350.1,CHEMBL2732,D84103,DNA polymerase gamma 1 ,DNA polymerase gamma, catalytic subunit,DNA polymerase subunit gamma-1,DNA polymerases,DPOG1_HUMAN,DQ285413,E5KNU5,EAX02045.1,EAX02047.1,EC 2.7.7.7,ENSG00000140521,ENSP00000268124,ENSP00000399851,ENSP00000431395,ENSP00000432389,ENSP00000432885,ENSP00000433502,ENSP00000434937,ENST00000268124,ENST00000442287,ENST00000525806,ENST00000526314,ENST00000526398,ENST00000526573,ENST00000526671,ENST00000528881,ENST00000530292,ENST00000530715,ENST00000532363,ENST00000532584,ENST00000533857,H0YCD2,H0YCV2,H0YD36,HGNC:9179,HPA056821,HQ205386,HQ205387,HQ205388,HQ205389,HQ205390,HQ205391,HQ205392,HQ205393,HQ205394,HQ205395,HQ205396,HQ205397,HQ205398,HQ205400,HQ205401,HQ205402,HQ205404,HQ205405,HQ205406,HQ205407,HQ205408,HQ205409,HQ205410,HQ205411,HQ205412,HQ205413,HQ205414,HQ205415,HQ205417,HQ205418,HQ205419,HQ205420,HQ205421,HQ205422,HQ205423,HQ205424,HQ205425,Hs.706868,MDP1,MIRAS,MTDPS4A,MTDPS4B,Mitochondrial DNA polymerase catalytic subunit,NM_001126131,NM_001126131.1,NM_002693,NM_002693.2,NP_001119603,NP_001119603.1,NP_002684,NP_002684.1,NX_P54098,OMIM:174763,OTTHUMG00000149646,OTTHUMP00000194455,OTTHUMP00000236192,OTTHUMP00000236193,OTTHUMP00000236194,OTTHUMP00000236195,OTTHUMP00000236196,OTTHUMP00000236197,OTTHUMT00000312854,OTTHUMT00000395114,OTTHUMT00000395115,OTTHUMT00000395116,OTTHUMT00000395117,OTTHUMT00000395118,OTTHUMT00000395119,OTTHUMT00000395120,OTTHUMT00000395121,OTTHUMT00000395122,OTTHUMT00000395123,OTTHUMT00000395124,OTTHUMT00000395125,P54098,PEO,POLG,POLG-001,POLG-002,POLG-003,POLG-004,POLG-005,POLG-006,POLG-007,POLG-008,POLG-009,POLG-010,POLG-011,POLG-012,POLG-013,POLG1,POLGA,PolG-alpha,Polymerase (DNA directed), gamma,Q2V8X9,Q6LCA9,Q8NFM2,Q92515,SANDO,SCAE,U60325,U74651,UPI000000D9E8,UPI0001F77D75,UPI0001F77D76,UPI0001F77D78,UPI0001F77D79,UPI000333516B,X98093,hsa:5428,polymerase (DNA directed), gamma,polymerase gamma, catalytic subunit,polymerase, gamma,uc002bnr.4,uc002bnr.5,uc002bns.4,uc002bns.5
PTEN	9606.ENSP00000361021	Phosphatase and tensin homolog; Tumor suppressor. Acts as a dual-specificity protein phosphatase, dephosphorylating tyrosine-, serine- and threonine- phosphorylated proteins. Also acts as a lipid phosphatase, removing the phosphate in the D3 position of the inositol ring from phosphatidylinositol 3,4,5-trisphosphate, phosphatidylinositol 3,4-diphosphate, phosphatidylinositol 3- phosphate and inositol 1,3,4,5-tetrakisphosphate with order of substrate preference in vitro PtdIns(3,4,5)P3 > PtdIns(3,4)P2 > PtdIns3P > Ins(1,3,4,5)P4. The lipid phosphatase activity is critical for its tumor  [...] 	https://smart.embl.de/smart/DDvec.cgi?smart=403:Pfam_DSPc(67|173)+PTEN_C2(188|349)+	10q23del,1D5R,2KYL,3.1.3.16,3.1.3.48,3.1.3.67,4O1V,5728,5BUG,5BZX,5BZZ,602084,A0A024QYR6,AAB66902.1,AAC08699.1,AAC51182.1,AAC51183.1,AAD13528.1,AAD38372.1,AAH05821.1,AAY57327.1,ADM26753.1,ADM26754.1,ADM26755.1,ADM26756.1,ADM26759.1,AEZ67429.1,AEZ67430.1,AEZ67432.1,AEZ67433.1,AEZ67434.1,AEZ67435.1,AEZ67436.1,AEZ67437.1,AEZ67438.1,AF000726,AF000727,AF000728,AF000729,AF000730,AF000731,AF000732,AF000733,AF000734,AF067844,AF143312,AF143313,AF143314,AF143315,AHW56562.1,AK313581,B2R904,BAG36351.1,BC005821,BK008756,BZS,C2 tensin-type domain containing,CAB004076,CAG29302.1,CCDS31238,CCDS31238.1,CHEMBL2052032,CR450306,CWS1,DAA64601.1,DEC,DQ073384,EAW50174.1,EC 3.1.3.16,EC 3.1.3.48,EC 3.1.3.67,ENSG00000171862,ENSP00000304973,ENSP00000361021,ENSP00000477517,ENSP00000483066,ENST00000307803,ENST00000371953,ENST00000462694,ENST00000472832,ENST00000487939,ENST00000498703,ENST00000610634,ENST00000618586,F2YHV0,F6KD01,GLM2,H6WA46,H6WA51,HGNC:9588,HM849628,HM849629,HM849630,HM849631,HM849634,HPA031335,Hs.500466,Hs.600528,Hs.606086,Hs.644684,Hs.660035,Hs.681727,Hs.705847,Hs.706095,Hs.717458,JQ037769,JQ037770,JQ037771,JQ037772,JQ037773,JQ037774,JQ037775,JQ037777,JQ037778,KJ534922,LRG_311,LRG_311t1,MHAM,MMAC1,Mutated in multiple advanced cancers 1,NM_000314,NM_000314.4,NM_000314.6,NM_001304717.2,NM_001304718.1,NP_000305,NP_000305.3,NP_001291646.2,NP_001291647.1,NX_P60484,O00633,O02679,OMIM:601728,OTTHUMG00000018688,OTTHUMP00000020032,OTTHUMP00000275464,OTTHUMT00000049241,OTTHUMT00000049242,OTTHUMT00000049243,OTTHUMT00000049244,OTTHUMT00000049245,OTTHUMT00000476271,P60484,PTEN,PTEN protein phosphatases,PTEN-001,PTEN-002,PTEN-003,PTEN-004,PTEN-005,PTEN-006,PTEN-201,PTEN1,PTEN_HUMAN,PTENbeta,Phosphatase and tensin homolog,Phosphoinositide phosphatases,Q6ICT7,TEP1,U92436,U93051,U96180,UPI00001328C5,UPI0004620A35,XP_006717989,XP_006717989.1,hsa:5728,mutated in multiple advanced cancers 1,phosphatase and tensin homolog,uc001kfb.3,uc001kfb.4
SEC23B	9606.ENSP00000338844	SEC23 homolog B, COPII coat complex component; Protein transport protein Sec23B; Component of the coat protein complex II (COPII) which promotes the formation of transport vesicles from the endoplasmic reticulum (ER). The coat has two main functions, the physical deformation of the endoplasmic reticulum membrane into vesicles and the selection of cargo molecules for their transport to the Golgi complex	https://smart.embl.de/smart/DDvec.cgi?smart=767:Pfam_zf-Sec23_Sec24(58|98)+Pfam_Sec23_trunk(126|392)+Pfam_Sec23_BS(403|506)+Pfam_Sec23_helical(520|619)+Pfam_Gelsolin(631|720)+	10483,AAH05032.1,AAH05404.1,AAH95404.1,AK299513,AL121893,AL121900,B4DS04,BAG61466.1,BC005032,BC005404,BC095404,CAA65775.1,CAH73149.1,CAI12512.1,CCDS13137,CCDS13137.1,CDA-II,CDAII,CDAN2,CWS7,D3DW33,EAX10231.1,EAX10232.1,EAX10233.1,EAX10234.1,EAX10235.1,ENSG00000101310,ENSP00000262544,ENSP00000309325,ENSP00000338844,ENSP00000366685,ENSP00000366695,ENSP00000366698,ENSP00000366701,ENSP00000403971,ENSP00000409882,ENSP00000416609,ENST00000262544,ENST00000309290,ENST00000336714,ENST00000377465,ENST00000377475,ENST00000377478,ENST00000377481,ENST00000422877,ENST00000450074,ENST00000457769,ENST00000474619,ENST00000494645,HEMPAS,HGNC:10702,HPA008216,Hs.369373,NM_001172745,NM_001172745.1,NM_001172746,NM_001172746.1,NM_006363,NM_006363.4,NM_032985,NM_032985.4,NM_032986,NM_032986.3,NP_001166216,NP_001166216.1,NP_001166217,NP_001166217.1,NP_006354,NP_006354.2,NP_116780,NP_116780.1,NP_116781,NP_116781.1,NX_Q15437,OMIM:610512,OTTHUMG00000031976,OTTHUMP00000042645,OTTHUMP00000042646,OTTHUMP00000042647,OTTHUMP00000042648,OTTHUMP00000063206,OTTHUMP00000063207,OTTHUMT00000078182,OTTHUMT00000078184,OTTHUMT00000104882,OTTHUMT00000104883,OTTHUMT00000127744,OTTHUMT00000127745,OTTHUMT00000127746,OTTHUMT00000127747,Protein transport protein SEC23,Protein transport protein Sec23B,Q15437,Q503A9,Q5QPE1,Q5QPE2,Q5W183,Q9BS15,Q9BSI2,Q9H1D7,SC23B_HUMAN,SEC23 homolog B, COPII coat complex component,SEC23-related protein B,SEC23B,SEC23B-001,SEC23B-002,SEC23B-003,SEC23B-004,SEC23B-005,SEC23B-006,SEC23B-007,SEC23B-008,Sec23 homolog B,Sec23 homolog B (S. cerevisiae),Sec23 homolog B, COPII coat complex component,Sec23 homolog B, coat complex II component,UPI0000135455,UPI0000458801,UPI000046FCDD,X97065,XM_017027593.1,XP_016883082.1,congenital dyserythropoietic anemia, type II,hSec23B,hsa:10483,uc002wqz.2,uc002wqz.3,uc002wra.2,uc002wrc.2
SLC12A3	9606.ENSP00000402152	Solute carrier family 12 (sodium/chloride transporter), member 3; Solute carrier family 12 member 3; Electroneutral sodium and chloride ion cotransporter. In kidney distal convoluted tubules, key mediator of sodium and chloride reabsorption. Receptor for the proinflammatory cytokine IL18. Contributes to IL18-induced cytokine production, including IFNG, IL6, IL18 and CCL2. May act either independently of IL18R1, or in a complex with IL18R1 (By similarity)	https://smart.embl.de/smart/DDvec.cgi?smart=1030:Pfam_AA_permease_N(45|116)+Pfam_AA_permease(141|647)+Pfam_SLC12(800|1029)+	6559,A8MSJ2,AAC50355.1,AK315298,C9JNN9,CAA62613.1,CAB022505,CCDS10770,CCDS10770.1,CCDS45491,CCDS45491.1,CCDS58464,CCDS58464.1,CHEMBL1876,ENSG00000070915,ENSP00000262502,ENSP00000402152,ENSP00000456149,ENSP00000457552,ENST00000262502,ENST00000438926,ENST00000563236,ENST00000563352,ENST00000566786,ENST00000569002,HGNC:10912,HPA028748,Hs.669115,J3QSS1,NCC,NCCT,NM_000339,NM_000339.2,NM_001126107,NM_001126107.1,NM_001126108,NM_001126108.1,NP_000330,NP_000330.2,NP_001119579,NP_001119579.1,NP_001119580,NP_001119580.1,NX_P55017,Na-Cl cotransporter,Na-Cl symporter,OMIM:600968,OTTHUMG00000133284,OTTHUMP00000164385,OTTHUMP00000254444,OTTHUMP00000254445,OTTHUMP00000254446,OTTHUMT00000257064,OTTHUMT00000432335,OTTHUMT00000432337,OTTHUMT00000432338,OTTHUMT00000432339,OTTHUMT00000432340,P55017,S12A3_HUMAN,SLC12A3,SLC12A3-001,SLC12A3-002,SLC12A3-003,SLC12A3-005,SLC12A3-006,SLC12A3-007,Solute carrier family 12 member 3,Solute carriers,TSC,Thiazide-sensitive sodium-chloride cotransporter,U44128,UPI00001FF243,UPI00001FF247,UPI00005782C2,UPI0001AE6793,X91220,XM_005256119,XM_005256119.1,XP_005256176,XP_005256176.1,hsa:6559,solute carrier family 12 member 3,solute carrier family 12, member 3,uc002ekd.4,uc010ccm.3,uc010ccn.3
TBX2	9606.ENSP00000240328	T-box transcription factor TBX2; Involved in the transcriptional regulation of genes required for mesoderm differentiation. Probably plays a role in limb pattern formation. Acts as a negative regulator of PML function in cellular senescence. May be required for cardiac atrioventricular canal formation; T-boxes	https://smart.embl.de/smart/DDvec.cgi?smart=712:TBOX(104|292)+Pfam_TBX(305|384)+	6909,A0A024QZ86,AAA73861.1,AAB36216.1,AAH52566.1,AB209378,BC052566,CAB013636,CCDS11627,CCDS11627.2,EAW51424.1,EAW51425.1,ENSG00000121068,ENSP00000240328,ENSP00000376718,ENSP00000404781,ENSP00000407556,ENST00000240328,ENST00000392992,ENST00000419047,ENST00000424871,ENST00000477081,ENST00000586986,F8WCM9,HGNC:11597,HPA008586,Hs.531085,Hs.669281,NM_005994,NM_005994.3,NP_005985,NP_005985.3,NX_Q13207,OMIM:600747,OTTHUMG00000156986,OTTHUMP00000211241,OTTHUMP00000211625,OTTHUMT00000346977,OTTHUMT00000347754,OTTHUMT00000347755,OTTHUMT00000449645,Q13207,Q16424,Q7Z647,S81264,T-box 2,T-box protein 2,T-box transcription factor 2,T-box transcription factor TBX2,T-boxes,TBX2,TBX2-001,TBX2-002,TBX2-003,TBX2-005,TBX2_HUMAN,U28049,UPI000020116F,UPI000198C82E,VETD,hsa:6909,uc002ize.3,uc010wox.2,uc010wox.3
TTC7A	9606.ENSP00000378320	Tetratricopeptide repeat protein 7A; Component of a complex required to localize phosphatidylinositol 4-kinase (PI4K) to the plasma membrane. The complex acts as a regulator of phosphatidylinositol 4-phosphate (PtdIns(4)P) synthesis (Probable). In the complex, plays a central role in bridging PI4KA to EFR3B and FAM126A, via direct interactions (By similarity)	https://smart.embl.de/smart/DDvec.cgi?smart=882:TPR(566|599)+TPR(769|802)+TPR(837|870)+	57217,AAH01978.1,AAH27457.1,AAI11488.1,AB032966,AL834383,BAA86454.2,BC001978,BC027457,BC111487,CAD39046.2,CCDS33193,CCDS33193.1,CCDS74510,CCDS74510.1,CCDS74511,CCDS74511.1,EAX00226.1,ENSG00000068724,ENSP00000263737,ENSP00000316699,ENSP00000378320,ENSP00000386307,ENSP00000386521,ENSP00000392821,ENSP00000393022,ENSP00000401467,ENSP00000445265,ENST00000263737,ENST00000319190,ENST00000394850,ENST00000409245,ENST00000409825,ENST00000434093,ENST00000440051,ENST00000441914,ENST00000461601,ENST00000474321,ENST00000484061,ENST00000484337,ENST00000491786,ENST00000496991,ENST00000536057,F5H4E1,G5E9G4,GIDID,HGNC:19750,HPA036781,HPA036782,Hs.370603,Hs.623671,Hs.736871,KIAA1140,MINAT,NM_001288951,NM_001288951.1,NM_001288953,NM_001288953.1,NM_001288955,NM_001288955.1,NM_020458,NM_020458.3,NP_001275880,NP_001275880.1,NP_001275882,NP_001275882.1,NP_001275884,NP_001275884.1,NP_065191,NP_065191.2,NX_Q9ULT0,OMIM:609332,OTTHUMG00000153121,OTTHUMP00000203176,OTTHUMP00000203190,OTTHUMP00000203191,OTTHUMP00000203192,OTTHUMP00000203193,OTTHUMP00000203194,OTTHUMT00000329667,OTTHUMT00000329698,OTTHUMT00000329699,OTTHUMT00000329700,OTTHUMT00000329701,OTTHUMT00000329702,OTTHUMT00000329703,OTTHUMT00000329704,OTTHUMT00000329705,OTTHUMT00000329706,OTTHUMT00000329707,OTTHUMT00000329708,PI4KA lipid kinase complex,Q2T9J9,Q6PIX4,Q8ND67,Q9BUS3,Q9ULT0,TPR repeat protein 7A,TTC7,TTC7A,TTC7A-001,TTC7A-002,TTC7A-003,TTC7A-004,TTC7A-005,TTC7A-006,TTC7A-007,TTC7A-008,TTC7A-009,TTC7A-010,TTC7A-011,TTC7A-012,TTC7A_HUMAN,Tetratricopeptide repeat domain 7A,Tetratricopeptide repeat domain containing,Tetratricopeptide repeat protein 7,Tetratricopeptide repeat protein 7A,UPI00001BDC89,UPI000067CA5D,UPI0000E073DA,UPI00018815CA,UPI00018815CB,UPI0001F78709,XM_005264439,XM_005264439.1,XM_005264440,XM_005264440.1,XM_372927,XP_005264496,XP_005264496.1,XP_005264497,XP_005264497.1,hsa:57217,tetratricopeptide repeat domain 7,tetratricopeptide repeat domain 7A,uc002rvm.4,uc002rvo.3,uc002rvo.4,uc002rvr.3,uc010fbb.3
